file,source,bpm,seconds,hits,drums,note
BD-HP_130bpm_20260926_031545.mid,take_20260926_031545.csv,129.5,23.6,63,BD-HP,
BD-T1-T3-T2-SD_130bpm_20260926_032603.mid,take_20260926_032603.csv,129.5,21.8,58,BD-T1-T3-T2-SD,
BD_112bpm_20260926_023839.mid,take_20260926_023839.csv,112.0,8.1,18,BD,
CR-RD-HH-HO-HP_99bpm_20260926_031422.mid,take_20260926_031422.csv,99.0,27.5,121,CR-RD-HH-HO-HP,
CR_112bpm_20260926_023953.mid,take_20260926_023953.csv,112.0,6.1,16,CR,
CR_117bpm_20260926_032532.mid,take_20260926_032532.csv,117.0,2.1,9,CR,
HH-BD-SD-HO-HP_94bpm_20260926_031104.mid,take_20260926_031104.csv,94.0,26.3,167,HH-BD-SD-HO-HP,
HH-HP_96bpm_20260926_023932.mid,take_20260926_023932.csv,96.0,7.8,17,HH-HP,
HO-SD-BD-HH_99bpm_20260926_030844.mid,take_20260926_030844.csv,99.0,18.9,146,HO-SD-BD-HH,
HO_82bpm_20260926_023915.mid,take_20260926_023915.csv,82.5,8.2,16,HO,
RD-HP-T1-SD-BD-T3_114bpm_20260926_022928.mid,take_20260926_022928.csv,114.5,22.0,138,RD-HP-T1-SD-BD-T3,
RD_106bpm_20260926_024012.mid,take_20260926_024012.csv,105.5,6.4,16,RD,
RD_120bpm_20260926_032545.mid,take_20260926_032545.csv,119.5,9.1,27,RD,
SD-T1-T2-T3-RD_91bpm_20260926_031221.mid,take_20260926_031221.csv,91.0,35.5,215,SD-T1-T2-T3-RD,
SD-T2-T1-T3-BD_162bpm_20260926_030626.mid,take_20260926_030626.csv,161.5,15.8,135,SD-T2-T1-T3-BD,
SD_117bpm_20260926_032517.mid,take_20260926_032517.csv,117.0,2.0,15,SD,
SD_90bpm_20260926_023731.mid,take_20260926_023731.csv,90.0,7.4,16,SD,
T1_88bpm_20260926_023751.mid,take_20260926_023751.csv,88.0,7.6,16,T1,
T2-T3-SD-T1_106bpm_20260926_031346.mid,take_20260926_031346.csv,105.5,20.2,96,T2-T3-SD-T1,
T2_116bpm_20260926_023806.mid,take_20260926_023806.csv,116.5,7.5,16,T2,
T3_86bpm_20260926_023819.mid,take_20260926_023819.csv,86.0,7.8,16,T3,
